Project Station ID,Site ID,Site,Date,Time,"Depth, meters","Sonde Depth, meters","Temperature, oC","Dissolved Oxygen, mg/L","Dissolved Oxygen, Saturation %","Specific Conductivity, µS/cm at 25oC",pH,"Total Phosphorus, mg/L","Soluble Reactive Phosphorus, mg/L","Total Nitrogen, mg/L","Chlorophyll-a, µg/L","Secchi, meters","Chloride, mg/L"

PRJ07339-1,FL_3R,Fish Lake,04/26/2011,0:00,0,0.545999944,7.78,10.22,85.9,427,8.34,0.0549,<0.006,1.53,30,1.48,

PRJ07339-1,FL_3R,Fish Lake,04/26/2011,0:00,1,1.058999896,7.79,9.19,77.3,426,8.36,,,,,,

PRJ07339-1,FL_3R,Fish Lake,04/26/2011,0:00,2,2.070999861,7.78,9.29,78.1,426,8.37,,,,,,

PRJ07339-1,FL_3R,Fish Lake,04/26/2011,0:00,3,3.042999983,7.76,9.36,78.7,426,8.37,,,,,,

PRJ07339-1,FL_3R,Fish Lake,04/26/2011,0:00,4,4.052999973,7.51,9.47,79.1,427,8.34,0.0598,0.00737,,,,

PRJ07339-1,FL_3R,Fish Lake,04/26/2011,0:00,5,5.063999653,7.39,9.46,78.8,427,8.31,,,,,,

PRJ07339-1,FL_3R,Fish Lake,04/26/2011,0:00,6,6.074999809,7.29,9.43,78.3,427,8.3,,,,,,

PRJ07339-1,FL_3R,Fish Lake,04/26/2011,0:00,7,7.072999954,7.2,9.38,77.7,428,8.29,,,,,,

PRJ07339-1,FL_3R,Fish Lake,04/26/2011,0:00,8,8.035999298,7.17,9.31,77.1,428,8.28,0.0582,0.00686,,,,

PRJ07339-1,FL_3R,Fish Lake,04/26/2011,0:00,9.061999321,9.061999321,6.99,1.35,11.1,435,7.45,,,,,,

PRJ07339-1,FL_3R,Fish Lake,05/10/2011,0:00,0,0.088999987,12.39,13.74,128.8,460,8.76,0.0493,<0.006,1.46,32,0.97,

PRJ07339-1,FL_3R,Fish Lake,05/10/2011,0:00,1,1.036999941,12.38,13.02,122,460,8.77,,,,,,

PRJ07339-1,FL_3R,Fish Lake,05/10/2011,0:00,2,2.063999891,12.13,12.81,119.3,459,8.76,,,,,,

PRJ07339-1,FL_3R,Fish Lake,05/10/2011,0:00,3,3.030999899,11.91,12.55,116.4,459,8.76,,,,,,

PRJ07339-1,FL_3R,Fish Lake,05/10/2011,0:00,4,4.012999535,11.71,12.43,114.8,458,8.75,,,,,,

PRJ07339-1,FL_3R,Fish Lake,05/10/2011,0:00,5,5.029999733,11.48,11.95,109.7,459,8.73,,,,,,

PRJ07339-1,FL_3R,Fish Lake,05/10/2011,0:00,6,6.059999943,8.77,11.61,100,471,8.34,0.0456,<0.006,,,,

PRJ07339-1,FL_3R,Fish Lake,05/10/2011,0:00,7,7.081999779,8.01,9.07,76.8,478,7.93,0.0453,<0.006,,,,

PRJ07339-1,FL_3R,Fish Lake,05/10/2011,0:00,7.569999695,7.569999695,7.98,7.1,60,479,7.46,,,,,,

PRJ07339-1,FL_3R,Fish Lake,05/24/2011,0:00,0,0.305999994,17.55,15.59,163.3,442,8.8,0.0632,<0.006,1.36,14,1.21,

PRJ07339-1,FL_3R,Fish Lake,05/24/2011,0:00,1,1.056999922,17.53,13.39,140.2,442,8.81,,,,,,

PRJ07339-1,FL_3R,Fish Lake,05/24/2011,0:00,2,2.046999931,17.46,13.06,136.6,442,8.81,,,,,,

PRJ07339-1,FL_3R,Fish Lake,05/24/2011,0:00,3,3.045999765,16.09,12.8,130.1,446,8.76,,,,,,

PRJ07339-1,FL_3R,Fish Lake,05/24/2011,0:00,4,4.038999557,12.81,12.17,115.1,453,8.54,,,,,,

PRJ07339-1,FL_3R,Fish Lake,05/24/2011,0:00,5,5.055999756,10.75,8.58,77.5,465,7.98,0.0575,<0.006,,,,

PRJ07339-1,FL_3R,Fish Lake,05/24/2011,0:00,6,6.058999538,9.55,7.01,61.5,471,7.68,,,,,,

PRJ07339-1,FL_3R,Fish Lake,05/24/2011,0:00,7,7.085999966,8.77,5.51,47.5,476,7.5,,,,,,

PRJ07339-1,FL_3R,Fish Lake,05/24/2011,0:00,8,8.07199955,8.57,3.39,29.1,478,7.43,,,,,,

PRJ07339-1,FL_3R,Fish Lake,05/24/2011,0:00,9,9.052999496,8.44,3.04,26,482,7.23,0.0647,<0.006,,,,

PRJ07339-1,FL_3R,Fish Lake,06/07/2011,0:00,0,0.039999962,22.84,10.81,125.8,449,8.59,0.0356,<0.006,0.55,6.9,1.55,

PRJ07339-1,FL_3R,Fish Lake,06/07/2011,0:00,1,1.068999887,22.74,10.36,120.3,449,8.53,,,,,,

PRJ07339-1,FL_3R,Fish Lake,06/07/2011,0:00,2,2.00999999,20.7,10.7,119.5,448,8.55,,,,,,

PRJ07339-1,FL_3R,Fish Lake,06/07/2011,0:00,3,3.015999794,18.27,10.68,113.6,447,8.53,,,,,,

PRJ07339-1,FL_3R,Fish Lake,06/07/2011,0:00,4,4.01099968,16.98,7.7,79.8,449,8.28,0.0416,<0.006,,,,

PRJ07339-1,FL_3R,Fish Lake,06/07/2011,0:00,5,5.009999752,14.92,6.65,66,462,7.9,,,,,,

PRJ07339-1,FL_3R,Fish Lake,06/07/2011,0:00,6,6.07199955,10.5,1.13,10.1,482,7.18,0.0731,<0.006,,,,

PRJ07339-1,FL_3R,Fish Lake,06/07/2011,0:00,6.392999649,6.392999649,10.07,0.88,7.8,487,7.19,,,,,,

PRJ07339-1,FL_3R,Fish Lake,06/21/2011,0:00,0,0.381999969,21.13,9.18,103.4,437,8.65,0.0324,0.00709,1.01,8.2,2.6,

PRJ07339-1,FL_3R,Fish Lake,06/21/2011,0:00,1,1.074999928,21.13,9.33,105,436,8.65,,,,,,

PRJ07339-1,FL_3R,Fish Lake,06/21/2011,0:00,2,2.091999769,21.11,9.37,105.4,437,8.66,,,,,,

PRJ07339-1,FL_3R,Fish Lake,06/21/2011,0:00,3,3.055999994,21.11,9.36,105.4,437,8.67,,,,,,

PRJ07339-1,FL_3R,Fish Lake,06/21/2011,0:00,4,4.091999531,20.57,9.12,101.5,440,8.61,,,,,,

PRJ07339-1,FL_3R,Fish Lake,06/21/2011,0:00,5,5.03799963,17.53,7.56,79.2,451,8.3,,,,,,

PRJ07339-1,FL_3R,Fish Lake,06/21/2011,0:00,6,6.045999527,12.51,3.76,35.4,468,7.75,,,,,,

PRJ07339-1,FL_3R,Fish Lake,06/21/2011,0:00,7,7.028999805,9.45,0.98,8.6,485,7.39,0.0737,0.0208,,,,

PRJ07339-1,FL_3R,Fish Lake,06/21/2011,0:00,8,8.083999634,8.79,0.54,4.6,497,7.22,,,,,,

PRJ07339-1,FL_3R,Fish Lake,06/21/2011,0:00,9,9.023999214,8.66,0.19,1.7,504,6.98,0.124,0.0126,,,,

PRJ07339-1,FL_3R,Fish Lake,07/06/2011,0:00,0,0.044999957,28.26,10.21,131.2,410,8.58,0.0247,<0.006,1.09,5.6,1.8,

PRJ07339-1,FL_3R,Fish Lake,07/06/2011,0:00,1,1.007999897,27.2,10.27,129.5,408,8.62,,,,,,

PRJ07339-1,FL_3R,Fish Lake,07/06/2011,0:00,2,2.053999901,26.54,10.44,130.1,407,8.64,,,,,,

PRJ07339-1,FL_3R,Fish Lake,07/06/2011,0:00,3,3.047999859,24.29,11.19,133.8,411,8.64,,,,,,

PRJ07339-1,FL_3R,Fish Lake,07/06/2011,0:00,4,4.018999577,21.68,10.21,116.1,414,8.59,,,,,,

PRJ07339-1,FL_3R,Fish Lake,07/06/2011,0:00,5,5.018999577,18.2,5.71,60.7,429,8,0.0431,<0.006,,,,

PRJ07339-1,FL_3R,Fish Lake,07/06/2011,0:00,6,6.021999836,12.92,2.45,23.2,449,7.67,,,,,,

PRJ07339-1,FL_3R,Fish Lake,07/06/2011,0:00,7,7.074999809,10.81,1.7,15.4,459,7.52,,,,,,

PRJ07339-1,FL_3R,Fish Lake,07/06/2011,0:00,8,8.06899929,9.5,1.08,9.5,480,7.3,,,,,,

PRJ07339-1,FL_3R,Fish Lake,07/06/2011,0:00,9,9.00799942,9.23,0.94,8.2,489,7.04,0.13,0.0145,,,,

PRJ07339-1,FL_3R,Fish Lake,07/19/2011,0:00,0,0.237999976,30.11,9.67,128.3,387,8.75,0.0338,<0.006,0.94,13,1.61,

PRJ07339-1,FL_3R,Fish Lake,07/19/2011,0:00,1,1.065999985,28.11,11.06,141.7,384,8.79,,,,,,

PRJ07339-1,FL_3R,Fish Lake,07/19/2011,0:00,2,2.051999807,26.91,10.36,129.9,390,8.65,,,,,,

PRJ07339-1,FL_3R,Fish Lake,07/19/2011,0:00,3,3.051999807,24.7,9.02,108.6,388,8.52,,,,,,

PRJ07339-1,FL_3R,Fish Lake,07/19/2011,0:00,4,4.066999912,22.65,3.56,41.2,399,7.68,,,,,,

PRJ07339-1,FL_3R,Fish Lake,07/19/2011,0:00,5,5.042999744,18.99,0.98,10.5,434,7.46,0.0475,0.0202,,,,

PRJ07339-1,FL_3R,Fish Lake,07/19/2011,0:00,6,6.046999931,14.71,0.55,5.4,450,7.29,,,,,,

PRJ07339-1,FL_3R,Fish Lake,07/19/2011,0:00,7,7.086999893,11.26,0.4,3.6,476,7.05,,,,,,

PRJ07339-1,FL_3R,Fish Lake,07/19/2011,0:00,8,8.043999672,10.25,0.3,2.7,491,6.92,,,,,,

PRJ07339-1,FL_3R,Fish Lake,07/19/2011,0:00,9,9.017999649,9.77,0.24,2.1,505,6.73,0.224,0.121,,,,

PRJ07339-1,FL_3R,Fish Lake,07/19/2011,0:00,9.024999619,9.024999619,9.79,0.21,1.9,505,6.72,,,,,,

PRJ07339-1,FL_3R,Fish Lake,08/02/2011,0:00,0,0.069999993,27.6,7.5,95.2,397,8.66,0.0369,0.00691,0.99,20,1.3,

PRJ07339-1,FL_3R,Fish Lake,08/02/2011,0:00,1,1.083999991,27.6,7.51,95.4,406,8.66,,,,,,

PRJ07339-1,FL_3R,Fish Lake,08/02/2011,0:00,2,2.083999872,27.57,7.49,95,406,8.65,,,,,,

PRJ07339-1,FL_3R,Fish Lake,08/02/2011,0:00,3,3.047999859,27.49,7.31,92.6,408,8.54,,,,,,

PRJ07339-1,FL_3R,Fish Lake,08/02/2011,0:00,4,4.053999901,23.62,1.66,19.6,438,7.66,0.0474,<0.006,,,,

PRJ07339-1,FL_3R,Fish Lake,08/02/2011,0:00,5,5.063999653,18.65,0.98,10.6,475,7.55,,,,,,

PRJ07339-1,FL_3R,Fish Lake,08/02/2011,0:00,6,6.028999805,14.05,0.61,5.9,500,7.3,,,,,,

PRJ07339-1,FL_3R,Fish Lake,08/02/2011,0:00,7,7.087999821,12.31,0.52,4.8,515,7.18,,,,,,

PRJ07339-1,FL_3R,Fish Lake,08/02/2011,0:00,8,8.065999985,11.04,0.49,4.4,535,6.97,,,,,,

PRJ07339-1,FL_3R,Fish Lake,08/02/2011,0:00,9,9.020999908,10.35,0.61,5.4,552,6.83,0.356,0.101,,,,

PRJ07339-1,FL_3R,Fish Lake,08/02/2011,0:00,9.053999901,9.053999901,10.35,0.62,5.6,556,6.84,,,,,,

PRJ07339-1,FL_3R,Fish Lake,08/16/2011,0:00,0,0.04399997,25.75,8.07,99.1,404,8.84,0.0313,<0.006,1.12,17,1.06,

PRJ07339-1,FL_3R,Fish Lake,08/16/2011,0:00,1,1.049999952,25.64,9.18,112.5,404,8.83,,,,,,

PRJ07339-1,FL_3R,Fish Lake,08/16/2011,0:00,2,2.059999943,25.3,9.25,112.7,404,8.8,,,,,,

PRJ07339-1,FL_3R,Fish Lake,08/16/2011,0:00,3,3.071999788,24.86,8.96,108.2,409,8.56,,,,,,

PRJ07339-1,FL_3R,Fish Lake,08/16/2011,0:00,4,4.039999962,23.72,5.72,67.7,426,7.89,0.0728,<0.006,,,,

PRJ07339-1,FL_3R,Fish Lake,08/16/2011,0:00,5,5.086999893,18.61,1.92,20.6,484,7.48,,,,,,

PRJ07339-1,FL_3R,Fish Lake,08/16/2011,0:00,6,6.058999538,14.42,0.65,6.4,511,7.22,,,,,,

PRJ07339-1,FL_3R,Fish Lake,08/16/2011,0:00,7,7.085999966,11.64,0.3,2.8,539,7.03,,,,,,

PRJ07339-1,FL_3R,Fish Lake,08/16/2011,0:00,8,8.056999207,10.71,0.25,2.2,558,6.94,,,,,,

PRJ07339-1,FL_3R,Fish Lake,08/16/2011,0:00,9,9.043999672,10.26,0.21,1.9,586,6.81,0.534,0.235,,,,

PRJ07339-1,FL_3R,Fish Lake,08/16/2011,0:00,9.198999405,9.198999405,10.1,0.18,1.6,607,6.66,,,,,,

PRJ07339-1,FL_3R,Fish Lake,08/30/2011,0:00,0,0.23299998,23.66,8.25,97.4,403,8.53,0.034,0.00697,1.02,10,2.3,

PRJ07339-1,FL_3R,Fish Lake,08/30/2011,0:00,1,1.07099998,23.78,7.71,91.4,403,8.61,,,,,,

PRJ07339-1,FL_3R,Fish Lake,08/30/2011,0:00,2,2.071999788,23.79,7.69,91.1,403,8.63,,,,,,

PRJ07339-1,FL_3R,Fish Lake,08/30/2011,0:00,3,3.042999983,23.63,7.12,84.1,404,8.56,,,,,,

PRJ07339-1,FL_3R,Fish Lake,08/30/2011,0:00,4,4.051999569,23.3,6.26,73.4,405,8.45,,,,,,

PRJ07339-1,FL_3R,Fish Lake,08/30/2011,0:00,5,5.059999943,19.46,0.97,10.6,474,7.68,0.0273,0.00718,,,,

PRJ07339-1,FL_3R,Fish Lake,08/30/2011,0:00,6,6.062999725,14.95,0.5,4.9,504,7.51,,,,,,

PRJ07339-1,FL_3R,Fish Lake,08/30/2011,0:00,7,7.059999943,11.71,0.28,2.6,537,7.34,,,,,,

PRJ07339-1,FL_3R,Fish Lake,08/30/2011,0:00,8,8.081999779,10.76,0.23,2.1,560,7.2,0.492,0.167,,,,

PRJ07339-1,FL_3R,Fish Lake,08/30/2011,0:00,8.936999321,8.936999321,10.03,0.17,1.5,587,6.97,,,,,,

PRJ07339-1,FL_3R,Fish Lake,09/13/2011,0:00,0,0.075999975,22.75,9.21,107,407,8.8,0.0335,0.0094,0.95,13,1.52,

PRJ07339-1,FL_3R,Fish Lake,09/13/2011,0:00,1,1.059999943,22.7,9.19,106.7,407,8.83,,,,,,

PRJ07339-1,FL_3R,Fish Lake,09/13/2011,0:00,2,2.007999897,22.57,9.11,105.4,407,8.82,,,,,,

PRJ07339-1,FL_3R,Fish Lake,09/13/2011,0:00,3,3.019999981,22.48,8,92.4,406,8.8,,,,,,

PRJ07339-1,FL_3R,Fish Lake,09/13/2011,0:00,4,4.035999775,22.42,8.55,98.7,407,8.78,,,,,,

PRJ07339-1,FL_3R,Fish Lake,09/13/2011,0:00,5,5.013999939,20.4,0.31,3.4,431,7.54,0.026,0.00853,,,,

PRJ07339-1,FL_3R,Fish Lake,09/13/2011,0:00,6,6.038999557,15.83,0.23,2.3,510,7.31,,,,,,

PRJ07339-1,FL_3R,Fish Lake,09/13/2011,0:00,7,7.043999672,12.5,0.23,2.2,544,7.12,,,,,,

PRJ07339-1,FL_3R,Fish Lake,09/13/2011,0:00,8,8.013999939,11.34,0.21,1.9,570,6.92,0.456,0.156,,,,

PRJ07339-1,FL_3R,Fish Lake,09/13/2011,0:00,8.81799984,8.81799984,10.86,0.19,1.7,584,6.81,,,,,,

PRJ07339-1,FL_3R,Fish Lake,09/27/2011,0:00,0,0.068999946,16.2,8.04,81.9,428,7.92,0.038,0.0132,1.03,16,1.52,

PRJ07339-1,FL_3R,Fish Lake,09/27/2011,0:00,1,1.030999899,16.2,6.98,71.1,428,7.94,,,,,,

PRJ07339-1,FL_3R,Fish Lake,09/27/2011,0:00,2,2.062999964,16.19,6.84,69.6,428,7.93,,,,,,

PRJ07339-1,FL_3R,Fish Lake,09/27/2011,0:00,3,3.075999975,16.19,6.72,68.4,428,7.92,,,,,,

PRJ07339-1,FL_3R,Fish Lake,09/27/2011,0:00,4,4.011999607,16.18,6.65,67.7,428,7.91,,,,,,

PRJ07339-1,FL_3R,Fish Lake,09/27/2011,0:00,5,5.020999908,16.18,6.56,66.8,428,7.9,,,,,,

PRJ07339-1,FL_3R,Fish Lake,09/27/2011,0:00,6,6.014999866,15.95,5.04,51.1,431,7.7,0.0351,0.0256,,,,

PRJ07339-1,FL_3R,Fish Lake,09/27/2011,0:00,7,7.045999527,14.8,3.56,35.2,510,7.36,,,,,,

PRJ07339-1,FL_3R,Fish Lake,09/27/2011,0:00,8,8.026999474,11.32,1.56,14.3,597,6.97,0.151,0.0849,,,,

PRJ07339-1,FL_3R,Fish Lake,09/27/2011,0:00,8.705999374,8.705999374,11.05,0.71,6.4,607,6.85,,,,,,

PRJ07339-1,FL_3R,Fish Lake,10/25/2011,0:00,0,0.082999945,11.41,10.86,99.5,433,8.14,0.0649,0.0087,1.48,51,0.8,

PRJ07339-1,FL_3R,Fish Lake,10/25/2011,0:00,1,1.002999902,11.41,10.47,96,433,8.22,,,,,,

PRJ07339-1,FL_3R,Fish Lake,10/25/2011,0:00,2,2.007999897,11.41,10.42,95.5,433,8.24,,,,,,

PRJ07339-1,FL_3R,Fish Lake,10/25/2011,0:00,3,3.042999983,11.41,10.36,94.9,433,8.24,,,,,,

PRJ07339-1,FL_3R,Fish Lake,10/25/2011,0:00,4,4.072999954,11.41,10.33,94.6,433,8.23,0.0686,0.0075,,,,

PRJ07339-1,FL_3R,Fish Lake,10/25/2011,0:00,5,5.035999775,11.4,10.31,94.5,433,8.22,,,,,,

PRJ07339-1,FL_3R,Fish Lake,10/25/2011,0:00,6,6.021999836,11.38,10.27,94.1,434,8.21,,,,,,

PRJ07339-1,FL_3R,Fish Lake,10/25/2011,0:00,7,7.083999634,11.38,10,91.6,434,8.18,,,,,,

PRJ07339-1,FL_3R,Fish Lake,10/25/2011,0:00,8,8.066999435,11.36,9.92,90.8,434,8.16,0.0659,0.00855,,,,

PRJ07339-1,FL_3R,Fish Lake,10/25/2011,0:00,8.788999557,8.788999557,11.38,6.34,58.1,504,7.62,,,,,,

PRJ07339-3,UP_3R,Upper Prior Lake,01/25/2011,0:00,0,0.160999954,-0.2,14.78,100.7,496,7.43,,,,,,76

PRJ07339-3,UP_3R,Upper Prior Lake,01/25/2011,0:00,1,1.045999885,0.9,13.21,92.8,478,7.39,,,,,,

PRJ07339-3,UP_3R,Upper Prior Lake,01/25/2011,0:00,2,2.052999973,1.89,12.33,89,468,7.31,,,,,,

PRJ07339-3,UP_3R,Upper Prior Lake,01/25/2011,0:00,3,3.056999922,2.42,10.78,79,467,7.14,,,,,,

PRJ07339-3,UP_3R,Upper Prior Lake,01/25/2011,0:00,4,4.019999981,2.75,8.35,61.7,468,7.05,,,,,,

PRJ07339-3,UP_3R,Upper Prior Lake,01/25/2011,0:00,5,5.065999985,3.01,6.39,47.5,475,6.98,,,,,,

PRJ07339-3,UP_3R,Upper Prior Lake,01/25/2011,0:00,6,6.048999786,2.96,5.66,42.1,483,6.95,,,,,,

PRJ07339-3,UP_3R,Upper Prior Lake,01/25/2011,0:00,7,7.072999954,2.94,5.39,40,494,6.93,,,,,,

PRJ07339-3,UP_3R,Upper Prior Lake,01/25/2011,0:00,8,8.06099987,2.94,5.19,38.5,511,6.88,,,,,,

PRJ07339-3,UP_3R,Upper Prior Lake,01/25/2011,0:00,9,9.07199955,3.05,4.16,31,538,6.78,,,,,,

PRJ07339-3,UP_3R,Upper Prior Lake,01/25/2011,0:00,10,10.02199936,3.11,2.21,16.5,567,6.73,,,,,,

PRJ07339-3,UP_3R,Upper Prior Lake,01/25/2011,0:00,11,11.05199909,3.19,1.49,11.1,621,6.7,,,,,,

PRJ07339-3,UP_3R,Upper Prior Lake,01/25/2011,0:00,12,12.07199955,3.56,0.74,5.6,640,6.64,,,,,,106

PRJ07339-3,UP_3R,Upper Prior Lake,01/25/2011,0:00,12.83599949,12.83599949,4.27,0.37,2.9,676,6.32,,,,,,

PRJ07339-3,UP_3R,Upper Prior Lake,04/26/2011,0:00,0,0.329999983,7.73,9.98,83.9,475,8.45,0.0739,0.0108,1.97,43,1.46,

PRJ07339-3,UP_3R,Upper Prior Lake,04/26/2011,0:00,1,1.061999917,7.74,10.29,86.4,475,8.49,,,,,,

PRJ07339-3,UP_3R,Upper Prior Lake,04/26/2011,0:00,2,2.058999777,7.73,10.43,87.6,475,8.5,,,,,,

PRJ07339-3,UP_3R,Upper Prior Lake,04/26/2011,0:00,3,3.066999912,7.66,10.49,88,475,8.49,,,,,,

PRJ07339-3,UP_3R,Upper Prior Lake,04/26/2011,0:00,4,4.043999672,7.7,10.48,88,475,8.49,,,,,,

PRJ07339-3,UP_3R,Upper Prior Lake,04/26/2011,0:00,5,5.072999954,7.42,10.53,87.8,476,8.44,,,,,,

PRJ07339-3,UP_3R,Upper Prior Lake,04/26/2011,0:00,6,6.03399992,7.33,10.48,87.2,476,8.42,0.0755,0.0288,,,,

PRJ07339-3,UP_3R,Upper Prior Lake,04/26/2011,0:00,7,7.051999569,7.31,10.35,86.1,476,8.42,,,,,,

PRJ07339-3,UP_3R,Upper Prior Lake,04/26/2011,0:00,8,8.057999611,7.3,10.32,85.8,476,8.42,,,,,,

PRJ07339-3,UP_3R,Upper Prior Lake,04/26/2011,0:00,9,9.032999992,7.19,10.27,85.2,476,8.39,,,,,,

PRJ07339-3,UP_3R,Upper Prior Lake,04/26/2011,0:00,10,10.08399963,7.1,10.24,84.7,477,8.36,,,,,,

PRJ07339-3,UP_3R,Upper Prior Lake,04/26/2011,0:00,11,11.04799938,6.85,10.21,83.9,478,8.31,0.0776,0.016,,,,

PRJ07339-3,UP_3R,Upper Prior Lake,04/26/2011,0:00,12,12.06299973,6.73,9.8,80.3,479,8.24,,,,,,

PRJ07339-3,UP_3R,Upper Prior Lake,04/26/2011,0:00,12.54499912,12.54499912,6.32,3.79,30.8,538,6.95,,,,,,

PRJ07339-3,UP_3R,Upper Prior Lake,05/10/2011,0:00,0,0.061999977,12.75,14.31,135.2,512,8.74,0.0382,<0.006,1.53,20,1.51,

PRJ07339-3,UP_3R,Upper Prior Lake,05/10/2011,0:00,1,1.086999893,12.49,13.93,130.9,513,8.73,,,,,,

PRJ07339-3,UP_3R,Upper Prior Lake,05/10/2011,0:00,2,2.06799984,12.45,13.23,124.2,513,8.72,,,,,,

PRJ07339-3,UP_3R,Upper Prior Lake,05/10/2011,0:00,3,3.081999779,12.39,12.96,121.5,512,8.72,,,,,,

PRJ07339-3,UP_3R,Upper Prior Lake,05/10/2011,0:00,4,4.022999763,10.22,13.18,117.6,520,8.59,,,,,,

PRJ07339-3,UP_3R,Upper Prior Lake,05/10/2011,0:00,5,5.016999722,9.7,12.43,109.5,523,8.52,,,,,,

PRJ07339-3,UP_3R,Upper Prior Lake,05/10/2011,0:00,6,6.024999619,9.03,11.76,101.9,527,8.44,0.0418,<0.006,,,,

PRJ07339-3,UP_3R,Upper Prior Lake,05/10/2011,0:00,7,7.028999805,8.58,11.26,96.6,530,8.33,,,,,,

PRJ07339-3,UP_3R,Upper Prior Lake,05/10/2011,0:00,8,8.025999069,8.41,9.98,85.2,532,8.26,,,,,,

PRJ07339-3,UP_3R,Upper Prior Lake,05/10/2011,0:00,9,9.017999649,8.35,9.66,82.4,532,8.24,,,,,,

PRJ07339-3,UP_3R,Upper Prior Lake,05/10/2011,0:00,10,10.03799915,8.25,9.54,81.2,534,8.16,,,,,,

PRJ07339-3,UP_3R,Upper Prior Lake,05/10/2011,0:00,11,11.06299973,8.14,9.15,77.7,534,8.15,,,,,,

PRJ07339-3,UP_3R,Upper Prior Lake,05/10/2011,0:00,12,12.00999928,7.82,6.56,55.2,535,6.99,0.0528,<0.006,,,,

PRJ07339-3,UP_3R,Upper Prior Lake,05/10/2011,0:00,12.16999912,12.16999912,7.8,6.49,54.6,536,6.91,,,,,,

PRJ07339-3,UP_3R,Upper Prior Lake,05/24/2011,0:00,0,0.314999998,17.02,12.71,131.7,506,8.72,0.0489,<0.006,1.27,7.3,3.83,

PRJ07339-3,UP_3R,Upper Prior Lake,05/24/2011,0:00,1,1.074999928,17.02,12.51,129.6,506,8.72,,,,,,

PRJ07339-3,UP_3R,Upper Prior Lake,05/24/2011,0:00,2,2.048999786,17.01,12.32,127.7,506,8.72,,,,,,

PRJ07339-3,UP_3R,Upper Prior Lake,05/24/2011,0:00,3,3.042999983,17.02,12.13,125.7,506,8.72,,,,,,

PRJ07339-3,UP_3R,Upper Prior Lake,05/24/2011,0:00,4,4.022999763,14.85,11.82,117,514,8.49,,,,,,

PRJ07339-3,UP_3R,Upper Prior Lake,05/24/2011,0:00,5,5.055999756,12.37,9.96,93.3,520,8.12,,,,,,

PRJ07339-3,UP_3R,Upper Prior Lake,05/24/2011,0:00,6,6.055999756,10.21,7.33,65.3,529,7.74,0.0658,0.0068,,,,

PRJ07339-3,UP_3R,Upper Prior Lake,05/24/2011,0:00,7,7.092999935,9.65,5.67,49.9,530,7.68,,,,,,

PRJ07339-3,UP_3R,Upper Prior Lake,05/24/2011,0:00,8,8.002999306,8.99,4.48,38.8,532,7.61,,,,,,

PRJ07339-3,UP_3R,Upper Prior Lake,05/24/2011,0:00,9,9.066999435,8.59,3.39,29.1,535,7.52,,,,,,

PRJ07339-3,UP_3R,Upper Prior Lake,05/24/2011,0:00,10,10.04199982,8.49,3.11,26.7,535,7.51,,,,,,

PRJ07339-3,UP_3R,Upper Prior Lake,05/24/2011,0:00,11,11.0539999,8.41,2.93,25,537,7.49,,,,,,

PRJ07339-3,UP_3R,Upper Prior Lake,05/24/2011,0:00,12,12.06599998,8.31,2.77,23.6,539,7.43,0.0502,0.0115,,,,

PRJ07339-3,UP_3R,Upper Prior Lake,05/24/2011,0:00,12.3399992,12.3399992,8.19,2.84,24.1,542,7.08,,,,,,

PRJ07339-3,UP_3R,Upper Prior Lake,06/07/2011,0:00,0,0.074999988,23.99,10.36,123.3,534,8.48,0.0243,<0.006,0.86,<5,3.75,

PRJ07339-3,UP_3R,Upper Prior Lake,06/07/2011,0:00,1,1.029999971,23.95,9.97,118.5,534,8.46,,,,,,

PRJ07339-3,UP_3R,Upper Prior Lake,06/07/2011,0:00,2,2.083999872,23.83,9.88,117.2,534,8.45,,,,,,

PRJ07339-3,UP_3R,Upper Prior Lake,06/07/2011,0:00,3,2.995999813,22.19,9.96,114.5,538,8.4,,,,,,

PRJ07339-3,UP_3R,Upper Prior Lake,06/07/2011,0:00,4,4.035999775,18.92,10.5,113.2,531,8.35,,,,,,

PRJ07339-3,UP_3R,Upper Prior Lake,06/07/2011,0:00,5,5.03099966,17.22,8.44,87.8,533,8.06,,,,,,

PRJ07339-3,UP_3R,Upper Prior Lake,06/07/2011,0:00,6,6.020999908,14.71,6.38,62.9,538,7.64,0.0659,0.00703,,,,

PRJ07339-3,UP_3R,Upper Prior Lake,06/07/2011,0:00,7,7.061999798,11.55,3.68,33.9,539,7.47,,,,,,

PRJ07339-3,UP_3R,Upper Prior Lake,06/07/2011,0:00,8,8.017999649,9.21,2.03,17.7,540,7.35,,,,,,

PRJ07339-3,UP_3R,Upper Prior Lake,06/07/2011,0:00,9,9.00399971,8.68,1.15,9.9,544,7.25,,,,,,

PRJ07339-3,UP_3R,Upper Prior Lake,06/07/2011,0:00,10,10.09399986,8.45,0.75,6.4,548,7.18,,,,,,

PRJ07339-3,UP_3R,Upper Prior Lake,06/07/2011,0:00,11,11.01699924,8.41,0.65,5.6,550,7.15,,,,,,

PRJ07339-3,UP_3R,Upper Prior Lake,06/07/2011,0:00,12,12.0359993,8.25,0.61,5.2,561,6.91,0.045,0.0113,,,,

PRJ07339-3,UP_3R,Upper Prior Lake,06/07/2011,0:00,12.36899948,12.36899948,8.14,0.59,5,589,6.57,,,,,,

PRJ07339-3,UP_3R,Upper Prior Lake,06/21/2011,0:00,0,0.355999947,21.22,8.66,97.7,529,8.42,0.0387,0.00802,1.2,16,2.92,

PRJ07339-3,UP_3R,Upper Prior Lake,06/21/2011,0:00,1,1.091999888,21.23,8.51,96.1,529,8.42,,,,,,

PRJ07339-3,UP_3R,Upper Prior Lake,06/21/2011,0:00,2,2.075999975,21.2,8.49,95.8,529,8.41,,,,,,

PRJ07339-3,UP_3R,Upper Prior Lake,06/21/2011,0:00,3,3.079999924,21.18,8.43,95,529,8.4,,,,,,

PRJ07339-3,UP_3R,Upper Prior Lake,06/21/2011,0:00,4,4.06799984,21.15,8.38,94.4,529,8.39,,,,,,

PRJ07339-3,UP_3R,Upper Prior Lake,06/21/2011,0:00,5,5.063999653,18.43,1.44,15.4,542,7.83,,,,,,

PRJ07339-3,UP_3R,Upper Prior Lake,06/21/2011,0:00,6,6.038999557,15.77,0.85,8.6,536,7.7,0.0373,0.00719,,,,

PRJ07339-3,UP_3R,Upper Prior Lake,06/21/2011,0:00,7,7.076999664,13.28,0.39,3.8,532,7.64,,,,,,

PRJ07339-3,UP_3R,Upper Prior Lake,06/21/2011,0:00,8,8.059999466,10.79,0.36,3.3,535,7.57,,,,,,

PRJ07339-3,UP_3R,Upper Prior Lake,06/21/2011,0:00,9,9.002999306,9.38,0.13,1.1,540,7.46,,,,,,

PRJ07339-3,UP_3R,Upper Prior Lake,06/21/2011,0:00,10,10.08399963,8.65,0.08,0.7,555,7.24,,,,,,

PRJ07339-3,UP_3R,Upper Prior Lake,06/21/2011,0:00,11,11.04399967,8.56,0.08,0.6,560,7.19,0.0559,0.0275,,,,

PRJ07339-3,UP_3R,Upper Prior Lake,06/21/2011,0:00,11.66499996,11.66499996,8.42,0.06,0.5,578,6.61,,,,,,

PRJ07339-3,UP_3R,Upper Prior Lake,07/06/2011,0:00,0,0.260999978,28.49,10.08,130,510,8.4,0.027,<0.006,1.27,11,1.92,

PRJ07339-3,UP_3R,Upper Prior Lake,07/06/2011,0:00,1,1.074999928,27.64,9.71,123.4,508,8.39,,,,,,

PRJ07339-3,UP_3R,Upper Prior Lake,07/06/2011,0:00,2,2.06799984,26.62,9.81,122.5,507,8.39,,,,,,

PRJ07339-3,UP_3R,Upper Prior Lake,07/06/2011,0:00,3,3.042999983,24.76,4.52,54.5,515,7.81,,,,,,

PRJ07339-3,UP_3R,Upper Prior Lake,07/06/2011,0:00,4,4.066999912,22.09,1.7,19.5,512,7.56,0.031,<0.006,,,,

PRJ07339-3,UP_3R,Upper Prior Lake,07/06/2011,0:00,5,5.038999557,20.21,1.18,13,513,7.56,,,,,,

PRJ07339-3,UP_3R,Upper Prior Lake,07/06/2011,0:00,6,6.018999577,16.95,0.95,9.8,516,7.55,,,,,,

PRJ07339-3,UP_3R,Upper Prior Lake,07/06/2011,0:00,7,7.031999588,13.22,0.88,8.4,509,7.46,,,,,,

PRJ07339-3,UP_3R,Upper Prior Lake,07/06/2011,0:00,8,8.013999939,11.69,0.87,8,511,7.38,,,,,,

PRJ07339-3,UP_3R,Upper Prior Lake,07/06/2011,0:00,9,9.016999245,9.86,0.86,7.6,522,7.17,,,,,,

PRJ07339-3,UP_3R,Upper Prior Lake,07/06/2011,0:00,10,10.03199959,9.4,0.87,7.6,533,7.08,,,,,,

PRJ07339-3,UP_3R,Upper Prior Lake,07/06/2011,0:00,11,11.00899982,9.06,0.88,7.6,545,6.89,0.134,0.105,,,,

PRJ07339-3,UP_3R,Upper Prior Lake,07/06/2011,0:00,11.60299969,11.60299969,8.99,0.97,8.4,605,6.7,,,,,,

PRJ07339-3,UP_3R,Upper Prior Lake,07/19/2011,0:00,0,0.388999999,29.78,11.22,148,489,8.61,0.045,<0.006,1.22,36,1.18,58

PRJ07339-3,UP_3R,Upper Prior Lake,07/19/2011,0:00,1,1.065999985,29.61,11.22,147.6,490,8.59,,,,,,

PRJ07339-3,UP_3R,Upper Prior Lake,07/19/2011,0:00,2,2.027999878,26.72,8.23,102.8,500,8.26,,,,,,

PRJ07339-3,UP_3R,Upper Prior Lake,07/19/2011,0:00,3,3.049999952,25.71,4.53,55.6,503,7.84,,,,,,

PRJ07339-3,UP_3R,Upper Prior Lake,07/19/2011,0:00,4,4.018999577,24.16,0.54,6.4,503,7.47,0.0507,0.0111,,,,

PRJ07339-3,UP_3R,Upper Prior Lake,07/19/2011,0:00,5,5.063999653,21.85,0.29,3.3,516,7.52,,,,,,

PRJ07339-3,UP_3R,Upper Prior Lake,07/19/2011,0:00,6,6.042999744,17.54,0.2,2.1,527,7.38,,,,,,

PRJ07339-3,UP_3R,Upper Prior Lake,07/19/2011,0:00,7,7.081999779,14.56,0.18,1.8,522,7.29,,,,,,

PRJ07339-3,UP_3R,Upper Prior Lake,07/19/2011,0:00,8,8.027999878,12.51,0.19,1.8,526,7.2,,,,,,

PRJ07339-3,UP_3R,Upper Prior Lake,07/19/2011,0:00,9,9.06799984,10.43,0.16,1.4,532,6.96,,,,,,

PRJ07339-3,UP_3R,Upper Prior Lake,07/19/2011,0:00,10,10.04199982,10.19,0.15,1.4,536,6.93,,,,,,

PRJ07339-3,UP_3R,Upper Prior Lake,07/19/2011,0:00,11,11.04499912,9.7,0.15,1.3,544,6.83,,,,,,

PRJ07339-3,UP_3R,Upper Prior Lake,07/19/2011,0:00,12,12.03399944,9.54,0.14,1.2,549,6.8,0.216,0.17,,,,58

PRJ07339-3,UP_3R,Upper Prior Lake,07/19/2011,0:00,12.37899971,12.37899971,9.38,0.13,1.2,568,6.63,,,,,,

PRJ07339-3,UP_3R,Upper Prior Lake,08/02/2011,0:00,0,0.075999975,27.89,7.27,92.8,532,8.23,0.0368,0.00789,1.24,33,1.2,

PRJ07339-3,UP_3R,Upper Prior Lake,08/02/2011,0:00,1,1.061999917,27.78,6.88,87.7,532,8.23,,,,,,

PRJ07339-3,UP_3R,Upper Prior Lake,08/02/2011,0:00,2,2.090999842,27.69,6.74,85.8,532,8.21,,,,,,

PRJ07339-3,UP_3R,Upper Prior Lake,08/02/2011,0:00,3,3.069999933,27.68,6.49,82.5,531,8.21,,,,,,

PRJ07339-3,UP_3R,Upper Prior Lake,08/02/2011,0:00,4,4.062999725,27.63,5.88,74.7,534,8.14,,,,,,

PRJ07339-3,UP_3R,Upper Prior Lake,08/02/2011,0:00,5,5.002999783,21.38,2.43,27.4,560,7.43,0.0652,0.00785,,,,

PRJ07339-3,UP_3R,Upper Prior Lake,08/02/2011,0:00,6,6.063999653,18.31,1.47,15.7,575,7.33,,,,,,

PRJ07339-3,UP_3R,Upper Prior Lake,08/02/2011,0:00,7,7.077999592,14.84,1,9.9,573,7.28,,,,,,

PRJ07339-3,UP_3R,Upper Prior Lake,08/02/2011,0:00,8,8.065999985,12.67,1.04,9.8,578,7.17,,,,,,

PRJ07339-3,UP_3R,Upper Prior Lake,08/02/2011,0:00,9,9.050999641,11.07,0.87,7.9,587,7.02,,,,,,

PRJ07339-3,UP_3R,Upper Prior Lake,08/02/2011,0:00,10,10.03299999,10.54,0.83,7.4,594,6.95,,,,,,

PRJ07339-3,UP_3R,Upper Prior Lake,08/02/2011,0:00,11,11.08399963,10.11,0.78,7,603,6.86,0.181,0.136,,,,

PRJ07339-3,UP_3R,Upper Prior Lake,08/02/2011,0:00,11.8239994,11.8239994,9.86,1.38,12.2,624,6.78,,,,,,

PRJ07339-3,UP_3R,Upper Prior Lake,08/16/2011,0:00,0,0.089999974,25.72,8.85,108.7,526,8.55,0.057,<0.006,1.4,39,0.9,

PRJ07339-3,UP_3R,Upper Prior Lake,08/16/2011,0:00,1,1.055999994,25.7,9.16,112.4,526,8.55,,,,,,

PRJ07339-3,UP_3R,Upper Prior Lake,08/16/2011,0:00,2,2.088999987,25.7,9.19,112.8,526,8.53,,,,,,

PRJ07339-3,UP_3R,Upper Prior Lake,08/16/2011,0:00,3,3.073999882,25.69,9.15,112.3,526,8.52,,,,,,

PRJ07339-3,UP_3R,Upper Prior Lake,08/16/2011,0:00,4,4.040999889,25.65,9.16,112.4,526,8.51,,,,,,

PRJ07339-3,UP_3R,Upper Prior Lake,08/16/2011,0:00,5,5.081999779,23.37,9.56,112.4,563,8.1,,,,,,

PRJ07339-3,UP_3R,Upper Prior Lake,08/16/2011,0:00,6,6.041999817,18.89,3.33,35.9,585,7.26,0.061,0.00669,,,,

PRJ07339-3,UP_3R,Upper Prior Lake,08/16/2011,0:00,7,7.07199955,14.67,1.41,13.9,586,7.2,,,,,,

PRJ07339-3,UP_3R,Upper Prior Lake,08/16/2011,0:00,8,8.078999519,12.58,0.9,8.4,592,7.08,,,,,,

PRJ07339-3,UP_3R,Upper Prior Lake,08/16/2011,0:00,9,9.061999321,11.05,0.38,3.5,603,6.96,,,,,,

PRJ07339-3,UP_3R,Upper Prior Lake,08/16/2011,0:00,10,10.07099915,10.27,0.31,2.7,619,6.88,,,,,,

PRJ07339-3,UP_3R,Upper Prior Lake,08/16/2011,0:00,11,11.00199986,10.04,0.24,2.1,627,6.84,,,,,,

PRJ07339-3,UP_3R,Upper Prior Lake,08/16/2011,0:00,12,12.03299999,9.83,0.22,1.9,646,6.78,0.396,0.289,,,,

PRJ07339-3,UP_3R,Upper Prior Lake,08/16/2011,0:00,12.84999943,12.84999943,9.61,0.19,1.6,684,6.52,,,,,,

PRJ07339-3,UP_3R,Upper Prior Lake,08/30/2011,0:00,0,0.275999963,23.92,7.85,93.2,518,8.44,0.0471,0.00709,1.4,36,0.95,

PRJ07339-3,UP_3R,Upper Prior Lake,08/30/2011,0:00,1,1.07099998,23.96,7.75,92.2,518,8.47,,,,,,

PRJ07339-3,UP_3R,Upper Prior Lake,08/30/2011,0:00,2,2.066999912,23.95,7.73,91.9,518,8.47,,,,,,

PRJ07339-3,UP_3R,Upper Prior Lake,08/30/2011,0:00,3,3.03399992,23.92,7.59,90.1,519,8.45,,,,,,

PRJ07339-3,UP_3R,Upper Prior Lake,08/30/2011,0:00,4,4.032999992,23.65,6.24,73.8,523,8.28,,,,,,

PRJ07339-3,UP_3R,Upper Prior Lake,08/30/2011,0:00,5,5.036999702,23.28,2.19,25.7,527,7.95,,,,,,

PRJ07339-3,UP_3R,Upper Prior Lake,08/30/2011,0:00,6,6.055999756,19.41,0.93,10.1,578,7.46,0.0538,0.00934,,,,

PRJ07339-3,UP_3R,Upper Prior Lake,08/30/2011,0:00,7,7.049999714,15.21,0.39,3.9,575,7.35,,,,,,

PRJ07339-3,UP_3R,Upper Prior Lake,08/30/2011,0:00,8,8.040999413,13.19,0.29,2.8,582,7.24,,,,,,

PRJ07339-3,UP_3R,Upper Prior Lake,08/30/2011,0:00,9,9.028999329,11.27,0.21,1.9,593,7.12,,,,,,

PRJ07339-3,UP_3R,Upper Prior Lake,08/30/2011,0:00,10,10.02299976,10.37,0.17,1.5,613,7.03,,,,,,

PRJ07339-3,UP_3R,Upper Prior Lake,08/30/2011,0:00,11,11.02499962,9.98,0.16,1.4,624,6.96,,,,,,

PRJ07339-3,UP_3R,Upper Prior Lake,08/30/2011,0:00,12,12.03399944,9.4,0.12,1.1,665,6.68,0.361,0.28,,,,

PRJ07339-3,UP_3R,Upper Prior Lake,08/30/2011,0:00,12.2859993,12.2859993,9.41,0.12,1,661,6.63,,,,,,

PRJ07339-3,UP_3R,Upper Prior Lake,09/13/2011,0:00,0,0.081999958,23.41,9.37,110.2,516,8.55,0.0421,0.0114,1.41,32,0.75,

PRJ07339-3,UP_3R,Upper Prior Lake,09/13/2011,0:00,1,1.040999889,23.33,9.31,109.4,517,8.59,,,,,,

PRJ07339-3,UP_3R,Upper Prior Lake,09/13/2011,0:00,2,2.097999811,22.82,9.1,105.8,519,8.47,,,,,,

PRJ07339-3,UP_3R,Upper Prior Lake,09/13/2011,0:00,4,4.006999969,22.67,6.74,78.2,522,8.34,0.0429,0.0109,,,,

PRJ07339-3,UP_3R,Upper Prior Lake,09/13/2011,0:00,5,5.077999592,21.94,4.72,54,533,7.91,,,,,,

PRJ07339-3,UP_3R,Upper Prior Lake,09/13/2011,0:00,6,6.020999908,19.76,1.35,14.8,568,7.51,,,,,,

PRJ07339-3,UP_3R,Upper Prior Lake,09/13/2011,0:00,7,7.076999664,15.63,0.47,4.7,586,7.21,,,,,,

PRJ07339-3,UP_3R,Upper Prior Lake,09/13/2011,0:00,8,8.056999207,12.63,0.28,2.7,594,7.07,,,,,,

PRJ07339-3,UP_3R,Upper Prior Lake,09/13/2011,0:00,9,9.055999756,11.69,0.24,2.2,609,6.94,,,,,,

PRJ07339-3,UP_3R,Upper Prior Lake,09/13/2011,0:00,10,10.07999992,10.78,0.2,1.8,629,6.83,,,,,,

PRJ07339-3,UP_3R,Upper Prior Lake,09/13/2011,0:00,11,11.05099964,10.32,0.19,1.7,643,6.78,,,,,,

PRJ07339-3,UP_3R,Upper Prior Lake,09/13/2011,0:00,12,12.08499908,9.96,0.13,1.2,745,6.48,0.584,0.467,,,,

PRJ07339-3,UP_3R,Upper Prior Lake,09/13/2011,0:00,12.13199997,12.13199997,9.98,0.12,1.1,745,6.48,,,,,,

PRJ07339-3,UP_3R,Upper Prior Lake,09/27/2011,0:00,0,0.061999977,16.4,8.91,91.1,524,8.18,0.0572,0.0475,1.41,34,0.8,

PRJ07339-3,UP_3R,Upper Prior Lake,09/27/2011,0:00,1,1.063999891,16.39,8.34,85.3,524,8.16,,,,,,

PRJ07339-3,UP_3R,Upper Prior Lake,09/27/2011,0:00,2,2.021999836,16.35,7.99,81.7,525,8.12,,,,,,

PRJ07339-3,UP_3R,Upper Prior Lake,09/27/2011,0:00,3,3.015999794,16.28,7.61,77.7,526,8.06,,,,,,

PRJ07339-3,UP_3R,Upper Prior Lake,09/27/2011,0:00,4,4.061999798,16.22,7.04,71.8,525,8.06,,,,,,

PRJ07339-3,UP_3R,Upper Prior Lake,09/27/2011,0:00,5,5.042999744,16.19,7.02,71.5,525,8.06,,,,,,

PRJ07339-3,UP_3R,Upper Prior Lake,09/27/2011,0:00,6,6.055999756,16.17,7,71.3,525,8.04,0.045,0.0169,,,,

PRJ07339-3,UP_3R,Upper Prior Lake,09/27/2011,0:00,7,7.036999702,16.02,6.57,66.7,528,7.91,,,,,,

PRJ07339-3,UP_3R,Upper Prior Lake,09/27/2011,0:00,8,8.040999413,15.24,4.87,48.6,545,7.51,,,,,,

PRJ07339-3,UP_3R,Upper Prior Lake,09/27/2011,0:00,9,9.039999962,11.93,1.96,18.2,621,6.98,,,,,,

PRJ07339-3,UP_3R,Upper Prior Lake,09/27/2011,0:00,10,10.03999996,10.88,0.78,7.1,641,6.8,,,,,,

PRJ07339-3,UP_3R,Upper Prior Lake,09/27/2011,0:00,11,11.05499935,10.26,0.41,3.7,665,6.71,,,,,,

PRJ07339-3,UP_3R,Upper Prior Lake,09/27/2011,0:00,12,12.02099991,9.98,0.22,2,756,6.48,0.646,0.601,,,,

PRJ07339-3,UP_3R,Upper Prior Lake,10/25/2011,0:00,0,0.085999966,11.31,10.06,92,532,7.71,0.0669,0.0221,1.89,17,1.55,57

PRJ07339-3,UP_3R,Upper Prior Lake,10/25/2011,0:00,1,1.064999938,11.31,8.14,74.5,532,7.64,,,,,,

PRJ07339-3,UP_3R,Upper Prior Lake,10/25/2011,0:00,2,2.027999878,11.31,7.67,70.1,532,7.63,,,,,,

PRJ07339-3,UP_3R,Upper Prior Lake,10/25/2011,0:00,3,3.062999964,11.31,7.39,67.6,532,7.63,,,,,,

PRJ07339-3,UP_3R,Upper Prior Lake,10/25/2011,0:00,4,4.074999809,11.3,7.19,65.8,533,7.61,,,,,,

PRJ07339-3,UP_3R,Upper Prior Lake,10/25/2011,0:00,5,5.051999569,11.28,7.07,64.6,532,7.59,0.0692,0.0257,,,,

PRJ07339-3,UP_3R,Upper Prior Lake,10/25/2011,0:00,6,6.03099966,11.28,6.98,63.8,533,7.58,,,,,,

PRJ07339-3,UP_3R,Upper Prior Lake,10/25/2011,0:00,7,7.045999527,11.28,6.91,63.2,532,7.57,,,,,,

PRJ07339-3,UP_3R,Upper Prior Lake,10/25/2011,0:00,8,8.06799984,11.27,6.88,62.9,533,7.56,,,,,,

PRJ07339-3,UP_3R,Upper Prior Lake,10/25/2011,0:00,9,9.074999809,11.27,6.89,62.9,532,7.56,,,,,,

PRJ07339-3,UP_3R,Upper Prior Lake,10/25/2011,0:00,10,10.03199959,11.27,6.89,63,532,7.56,,,,,,

PRJ07339-3,UP_3R,Upper Prior Lake,10/25/2011,0:00,11,11.06099987,11.26,6.89,63,533,7.57,0.0328,0.0245,,,,58

PRJ07339-3,UP_3R,Upper Prior Lake,10/25/2011,0:00,11.9279995,11.9279995,11.15,4.62,42.1,569,6.9,,,,,,

PRJ07339-2,SP_3R,Spring Lake,04/26/2011,0:00,0,0.582999945,7.3,10.14,84.3,537,8.29,0.095,0.00944,2.31,63,1.31,

PRJ07339-2,SP_3R,Spring Lake,04/26/2011,0:00,1,1.081999898,7.29,10.33,85.9,538,8.3,,,,,,

PRJ07339-2,SP_3R,Spring Lake,04/26/2011,0:00,2,2.055999994,7.26,10.43,86.6,538,8.29,,,,,,

PRJ07339-2,SP_3R,Spring Lake,04/26/2011,0:00,3,3.075999975,7.2,10.5,87,539,8.27,,,,,,

PRJ07339-2,SP_3R,Spring Lake,04/26/2011,0:00,4,4.052999973,7.15,10.5,87,539,8.27,,,,,,

PRJ07339-2,SP_3R,Spring Lake,04/26/2011,0:00,5,5.031999588,7.13,10.47,86.7,539,8.26,0.0975,0.014,,,,

PRJ07339-2,SP_3R,Spring Lake,04/26/2011,0:00,6,6.048999786,7.11,10.44,86.4,539,8.26,,,,,,

PRJ07339-2,SP_3R,Spring Lake,04/26/2011,0:00,7,7.019999981,7.1,10.42,86.2,539,8.26,,,,,,

PRJ07339-2,SP_3R,Spring Lake,04/26/2011,0:00,8,8.066999435,7.08,10.39,85.9,538,8.25,,,,,,

PRJ07339-2,SP_3R,Spring Lake,04/26/2011,0:00,9,9.096999168,6.91,10.41,85.7,538,8.23,0.11,0.00672,,,,

PRJ07339-2,SP_3R,Spring Lake,04/26/2011,0:00,10,10.03999996,6.7,10.14,83,539,8.17,,,,,,

PRJ07339-2,SP_3R,Spring Lake,04/26/2011,0:00,10.53999996,10.53999996,6.8,2.56,21,522,7.37,,,,,,

PRJ07339-2,SP_3R,Spring Lake,05/10/2011,0:00,0,0.179999948,11.3,13.98,127.9,580,8.53,0.0486,<0.006,1.77,15,1.8,

PRJ07339-2,SP_3R,Spring Lake,05/10/2011,0:00,1,1.063999891,11.2,12.96,118.3,580,8.52,,,,,,

PRJ07339-2,SP_3R,Spring Lake,05/10/2011,0:00,2,2.06799984,11.1,12.54,114.1,580,8.52,,,,,,

PRJ07339-2,SP_3R,Spring Lake,05/10/2011,0:00,3,3.028999805,11,12.26,111.3,579,8.52,,,,,,

PRJ07339-2,SP_3R,Spring Lake,05/10/2011,0:00,4,4.028999805,10.87,11.98,108.5,579,8.52,,,,,,

PRJ07339-2,SP_3R,Spring Lake,05/10/2011,0:00,5,5.070999622,10.78,11.93,107.9,580,8.52,,,,,,

PRJ07339-2,SP_3R,Spring Lake,05/10/2011,0:00,6,6.057999611,10.67,11.88,107.1,580,8.52,,,,,,

PRJ07339-2,SP_3R,Spring Lake,05/10/2011,0:00,7,7.080999851,9.09,11.8,102.5,585,8.41,0.0641,<0.006,,,,

PRJ07339-2,SP_3R,Spring Lake,05/10/2011,0:00,8,8.043999672,8.74,10.71,92.3,586,8.35,,,,,,

PRJ07339-2,SP_3R,Spring Lake,05/10/2011,0:00,9,9.036999702,8.54,10.53,90.2,587,8.32,,,,,,

PRJ07339-2,SP_3R,Spring Lake,05/10/2011,0:00,10,10.03799915,8.48,9.5,81.3,589,8.23,0.0644,<0.006,,,,

PRJ07339-2,SP_3R,Spring Lake,05/10/2011,0:00,10.96899986,10.96899986,8.24,8.07,68.7,593,7.82,,,,,,

PRJ07339-2,SP_3R,Spring Lake,05/24/2011,0:00,0,0.571999967,16.61,11.89,122.2,580,8.34,0.045,0.0122,1.63,<5,5.05,

PRJ07339-2,SP_3R,Spring Lake,05/24/2011,0:00,1,1.052999973,16.61,10.61,109,580,8.34,,,,,,

PRJ07339-2,SP_3R,Spring Lake,05/24/2011,0:00,2,2.073999882,16.59,10.38,106.7,580,8.33,,,,,,

PRJ07339-2,SP_3R,Spring Lake,05/24/2011,0:00,3,3.066999912,16.49,10.18,104.4,581,8.33,,,,,,

PRJ07339-2,SP_3R,Spring Lake,05/24/2011,0:00,4,4.073999882,15.53,10.14,101.9,579,8.28,,,,,,

PRJ07339-2,SP_3R,Spring Lake,05/24/2011,0:00,5,5.036999702,13.23,9.24,88.3,586,8.14,0.0428,0.0164,,,,

PRJ07339-2,SP_3R,Spring Lake,05/24/2011,0:00,6,6.040999889,12.23,8.6,80.3,586,8,,,,,,

PRJ07339-2,SP_3R,Spring Lake,05/24/2011,0:00,7,7.049999714,10.83,6.75,61.1,589,7.89,,,,,,

PRJ07339-2,SP_3R,Spring Lake,05/24/2011,0:00,8,8.038999557,10.15,5.73,51.1,592,7.75,,,,,,

PRJ07339-2,SP_3R,Spring Lake,05/24/2011,0:00,9,9.029999733,9.47,3.41,29.9,595,7.62,,,,,,

PRJ07339-2,SP_3R,Spring Lake,05/24/2011,0:00,10,10.03799915,9.31,3.26,28.5,595,7.6,0.147,0.084,,,,

PRJ07339-2,SP_3R,Spring Lake,05/24/2011,0:00,10.69199944,10.69199944,9.17,2.91,25.3,591,7.28,,,,,,

PRJ07339-2,SP_3R,Spring Lake,06/07/2011,0:00,0,0.058999956,23.73,13.2,156.3,566,8.5,0.0391,0.0147,1.14,8.1,2.35,

PRJ07339-2,SP_3R,Spring Lake,06/07/2011,0:00,1,1.082999945,23.68,13.04,154.2,567,8.47,,,,,,

PRJ07339-2,SP_3R,Spring Lake,06/07/2011,0:00,2,2.090999842,22.82,13.24,154,568,8.45,,,,,,

PRJ07339-2,SP_3R,Spring Lake,06/07/2011,0:00,3,3.076999903,20.11,13.97,154.2,569,8.35,,,,,,

PRJ07339-2,SP_3R,Spring Lake,06/07/2011,0:00,4,4.098999977,18.47,12.9,137.8,576,8.13,,,,,,

PRJ07339-2,SP_3R,Spring Lake,06/07/2011,0:00,5,5.073999882,17.01,10.77,111.7,584,7.82,,,,,,

PRJ07339-2,SP_3R,Spring Lake,06/07/2011,0:00,6,6.034999847,16.25,7.49,76.4,586,7.63,0.0415,<0.006,,,,

PRJ07339-2,SP_3R,Spring Lake,06/07/2011,0:00,7,7.015999794,14.34,4.11,40.3,594,7.38,,,,,,

PRJ07339-2,SP_3R,Spring Lake,06/07/2011,0:00,8,8.013999939,12.87,2.42,23,596,7.33,,,,,,

PRJ07339-2,SP_3R,Spring Lake,06/07/2011,0:00,9,9.047999382,10.95,1.35,12.3,601,7.25,,,,,,

PRJ07339-2,SP_3R,Spring Lake,06/07/2011,0:00,10,10.00699997,10.56,1.09,9.8,601,7.2,0.328,0.276,,,,

PRJ07339-2,SP_3R,Spring Lake,06/07/2011,0:00,10.86299992,10.86299992,9.91,2.78,24.6,605,7.13,,,,,,

PRJ07339-2,SP_3R,Spring Lake,06/21/2011,0:00,0,0.306999981,20.64,7.86,87.7,572,8.3,0.0564,0.0183,1.35,5.5,3.56,

PRJ07339-2,SP_3R,Spring Lake,06/21/2011,0:00,1,1.083999991,20.6,7.31,81.5,573,8.3,,,,,,

PRJ07339-2,SP_3R,Spring Lake,06/21/2011,0:00,2,2.052999973,20.57,7.27,81,573,8.29,,,,,,

PRJ07339-2,SP_3R,Spring Lake,06/21/2011,0:00,3,3.031999826,20.57,7.25,80.8,573,8.29,,,,,,

PRJ07339-2,SP_3R,Spring Lake,06/21/2011,0:00,4,4.044999599,20.53,7.22,80.4,573,8.29,,,,,,

PRJ07339-2,SP_3R,Spring Lake,06/21/2011,0:00,5,5.066999912,19.95,6.41,70.6,576,8.2,,,,,,

PRJ07339-2,SP_3R,Spring Lake,06/21/2011,0:00,6,6.074999809,19.14,5.15,55.8,582,8.06,,,,,,

PRJ07339-2,SP_3R,Spring Lake,06/21/2011,0:00,7,7.074999809,16.03,0.97,9.8,595,7.7,0.113,0.0732,,,,

PRJ07339-2,SP_3R,Spring Lake,06/21/2011,0:00,8,8.061999321,13.18,0.52,5,599,7.63,,,,,,

PRJ07339-2,SP_3R,Spring Lake,06/21/2011,0:00,9,9.013999939,12.09,0.26,2.4,604,7.56,,,,,,

PRJ07339-2,SP_3R,Spring Lake,06/21/2011,0:00,10,10.04599953,11.61,0.18,1.7,606,7.5,0.417,0.379,,,,

PRJ07339-2,SP_3R,Spring Lake,06/21/2011,0:00,10.73399925,10.73399925,11.26,0.11,1,607,7.35,,,,,,

PRJ07339-2,SP_3R,Spring Lake,07/06/2011,0:00,0,0.091999948,28.54,9.97,128.8,542,8.44,0.0265,<0.006,1.24,5.4,2.9,

PRJ07339-2,SP_3R,Spring Lake,07/06/2011,0:00,1,1.084999919,26.93,10.11,126.9,539,8.46,,,,,,

PRJ07339-2,SP_3R,Spring Lake,07/06/2011,0:00,2,2.048999786,26.39,9.41,117,539,8.4,,,,,,

PRJ07339-2,SP_3R,Spring Lake,07/06/2011,0:00,3,3.052999973,25.3,8.28,100.9,547,8.18,,,,,,

PRJ07339-2,SP_3R,Spring Lake,07/06/2011,0:00,4,4.009999752,21.76,5.37,61.2,553,7.81,0.0317,0.0127,,,,

PRJ07339-2,SP_3R,Spring Lake,07/06/2011,0:00,5,5.034999847,20.36,2.31,25.6,552,7.64,,,,,,

PRJ07339-2,SP_3R,Spring Lake,07/06/2011,0:00,6,6.041999817,19.55,1.35,14.7,555,7.6,,,,,,

PRJ07339-2,SP_3R,Spring Lake,07/06/2011,0:00,7,7.034999847,17.95,1.2,12.6,568,7.57,,,,,,

PRJ07339-2,SP_3R,Spring Lake,07/06/2011,0:00,8,8.052999496,15.61,1.13,11.4,577,7.54,,,,,,

PRJ07339-2,SP_3R,Spring Lake,07/06/2011,0:00,9,9.020999908,14.36,1.08,10.6,578,7.44,0.457,0.4,,,,

PRJ07339-2,SP_3R,Spring Lake,07/06/2011,0:00,9.478999138,9.478999138,13.36,1.09,10.4,585,7.23,,,,,,

PRJ07339-2,SP_3R,Spring Lake,07/19/2011,0:00,0,0.375999987,29.93,12.13,160.5,505,8.6,0.0652,0.00666,1.33,40,1.53,

PRJ07339-2,SP_3R,Spring Lake,07/19/2011,0:00,1,1.031999946,27.6,12.99,165,506,8.55,,,,,,

PRJ07339-2,SP_3R,Spring Lake,07/19/2011,0:00,2,2.045999765,26.23,9.77,121.1,494,8.07,,,,,,

PRJ07339-2,SP_3R,Spring Lake,07/19/2011,0:00,3,3.072999954,25.08,6.45,78.3,509,7.64,,,,,,

PRJ07339-2,SP_3R,Spring Lake,07/19/2011,0:00,4,4.069999695,23.6,1.76,20.7,509,7.43,,,,,,

PRJ07339-2,SP_3R,Spring Lake,07/19/2011,0:00,5,5.043999672,22.31,0.97,11.2,510,7.26,0.102,0.0644,,,,

PRJ07339-2,SP_3R,Spring Lake,07/19/2011,0:00,6,6.043999672,20.48,0.41,4.6,560,7.34,,,,,,

PRJ07339-2,SP_3R,Spring Lake,07/19/2011,0:00,7,7.02699995,18.5,0.31,3.3,576,7.39,,,,,,

PRJ07339-2,SP_3R,Spring Lake,07/19/2011,0:00,8,8.072999954,16.86,0.24,2.5,581,7.33,,,,,,

PRJ07339-2,SP_3R,Spring Lake,07/19/2011,0:00,9,9.031999588,15.79,0.21,2.1,586,7.27,,,,,,

PRJ07339-2,SP_3R,Spring Lake,07/19/2011,0:00,10,10.03799915,14.06,0.19,1.9,593,7.14,0.659,0.655,,,,

PRJ07339-2,SP_3R,Spring Lake,07/19/2011,0:00,10.93199921,10.93199921,13.41,0.17,1.7,607,6.68,,,,,,

PRJ07339-2,SP_3R,Spring Lake,08/02/2011,0:00,0,0.017999947,27.19,6.74,85,530,8.16,0.0671,0.00991,1.33,25,1.3,

PRJ07339-2,SP_3R,Spring Lake,08/02/2011,0:00,1,1.091999888,27.21,6.16,77.7,530,8.2,,,,,,

PRJ07339-2,SP_3R,Spring Lake,08/02/2011,0:00,2,2.056999922,27.18,6.12,77.2,530,8.19,,,,,,

PRJ07339-2,SP_3R,Spring Lake,08/02/2011,0:00,3,3.035999775,27.17,5.82,73.4,530,8.17,,,,,,

PRJ07339-2,SP_3R,Spring Lake,08/02/2011,0:00,4,4.085999966,26.19,3.6,44.6,544,7.73,0.0505,0.008,,,,

PRJ07339-2,SP_3R,Spring Lake,08/02/2011,0:00,5,5.035999775,21.91,2.05,23.4,585,7.45,,,,,,

PRJ07339-2,SP_3R,Spring Lake,08/02/2011,0:00,6,6.06099987,19.76,1.25,13.7,617,7.43,,,,,,

PRJ07339-2,SP_3R,Spring Lake,08/02/2011,0:00,7,7.032999992,17.74,0.86,9.1,633,7.34,,,,,,

PRJ07339-2,SP_3R,Spring Lake,08/02/2011,0:00,8,8.072999954,16.1,0.84,8.6,642,7.2,,,,,,

PRJ07339-2,SP_3R,Spring Lake,08/02/2011,0:00,9,9.047999382,15.03,0.92,9.1,650,7.09,,,,,,

PRJ07339-2,SP_3R,Spring Lake,08/02/2011,0:00,10,10.05999947,14.74,0.89,8.8,652,7.05,,,,,,

PRJ07339-2,SP_3R,Spring Lake,08/02/2011,0:00,11,11.08699989,14.46,1.23,12.1,665,6.79,1.12,1.03,,,,

PRJ07339-2,SP_3R,Spring Lake,08/02/2011,0:00,11.20699978,11.20699978,14.4,1.79,17.6,687,6.7,,,,,,

PRJ07339-2,SP_3R,Spring Lake,08/16/2011,0:00,0,0.057999969,25.43,9.16,111.9,518,8.55,0.0804,0.00611,1.37,37,1.1,

PRJ07339-2,SP_3R,Spring Lake,08/16/2011,0:00,1,1.018999934,25.38,9.92,121,518,8.57,,,,,,

PRJ07339-2,SP_3R,Spring Lake,08/16/2011,0:00,2,2.088999987,25.39,9.96,121.6,518,8.56,,,,,,

PRJ07339-2,SP_3R,Spring Lake,08/16/2011,0:00,3,3.079999924,25.33,9.91,120.9,518,8.54,,,,,,

PRJ07339-2,SP_3R,Spring Lake,08/16/2011,0:00,4,4.085999966,24.01,5.5,65.4,544,7.62,0.0888,<0.006,,,,

PRJ07339-2,SP_3R,Spring Lake,08/16/2011,0:00,5,5.019999981,22.53,1.57,18.2,580,7.32,,,,,,

PRJ07339-2,SP_3R,Spring Lake,08/16/2011,0:00,6,6.076999664,18.88,0.58,6.2,636,7.26,,,,,,

PRJ07339-2,SP_3R,Spring Lake,08/16/2011,0:00,7,7.028999805,17.48,0.37,3.9,643,7.21,,,,,,

PRJ07339-2,SP_3R,Spring Lake,08/16/2011,0:00,8,8.053999901,16.02,0.26,2.7,652,7.13,,,,,,

PRJ07339-2,SP_3R,Spring Lake,08/16/2011,0:00,9,9.07599926,15.43,0.2,2,659,7.05,,,,,,

PRJ07339-2,SP_3R,Spring Lake,08/16/2011,0:00,10,10.05599976,14.8,0.17,1.7,670,6.94,,,,,,

PRJ07339-2,SP_3R,Spring Lake,08/16/2011,0:00,11,11.02399921,14.4,0.14,1.3,682,6.75,1.37,1.29,,,,

PRJ07339-2,SP_3R,Spring Lake,08/16/2011,0:00,11.15399933,11.15399933,14.3,0.13,1.3,689,6.6,,,,,,

PRJ07339-2,SP_3R,Spring Lake,08/30/2011,0:00,0,0.25,23.46,9.44,111.2,492,8.5,0.0866,0.00739,1.93,84,0.7,

PRJ07339-2,SP_3R,Spring Lake,08/30/2011,0:00,1,1.047999978,23.5,9.73,114.6,492,8.52,,,,,,

PRJ07339-2,SP_3R,Spring Lake,08/30/2011,0:00,2,2.042999983,23.4,9.49,111.6,496,8.43,,,,,,

PRJ07339-2,SP_3R,Spring Lake,08/30/2011,0:00,3,3.018999815,23.21,8.38,98.2,496,8.47,,,,,,

PRJ07339-2,SP_3R,Spring Lake,08/30/2011,0:00,4,4.066999912,23.09,7.42,86.8,500,8.34,,,,,,

PRJ07339-2,SP_3R,Spring Lake,08/30/2011,0:00,5,5.047999859,22.73,4.38,50.9,512,8.05,,,,,,

PRJ07339-2,SP_3R,Spring Lake,08/30/2011,0:00,6,6.065999985,19.95,0.9,9.9,618,7.41,0.0997,0.0286,,,,

PRJ07339-2,SP_3R,Spring Lake,08/30/2011,0:00,7,7.034999847,18.11,0.51,5.4,633,7.31,,,,,,

PRJ07339-2,SP_3R,Spring Lake,08/30/2011,0:00,8,8.042999268,15.46,0.28,2.8,653,7.18,,,,,,

PRJ07339-2,SP_3R,Spring Lake,08/30/2011,0:00,9,9.073999405,14.68,0.19,1.9,664,7.05,,,,,,

PRJ07339-2,SP_3R,Spring Lake,08/30/2011,0:00,10,10.04199982,14.41,0.16,1.5,671,6.96,0.983,0.889,,,,

PRJ07339-2,SP_3R,Spring Lake,08/30/2011,0:00,10.41499996,10.41499996,14.22,0.13,1.3,681,6.88,,,,,,

PRJ07339-2,SP_3R,Spring Lake,09/13/2011,0:00,0,0.008999944,23.2,12.06,141.3,465,8.81,0.0872,0.0102,1.91,77,0.6,

PRJ07339-2,SP_3R,Spring Lake,09/13/2011,0:00,1,1.031999946,22.89,11.28,131.4,469,8.75,,,,,,

PRJ07339-2,SP_3R,Spring Lake,09/13/2011,0:00,2,2.025999784,22.56,10.3,119.3,473,8.59,,,,,,

PRJ07339-2,SP_3R,Spring Lake,09/13/2011,0:00,3,3.054999828,22.13,7.61,87.4,492,8.13,,,,,,

PRJ07339-2,SP_3R,Spring Lake,09/13/2011,0:00,4,4.049999714,21.67,4.39,49.9,501,7.88,0.089,0.0099,,,,

PRJ07339-2,SP_3R,Spring Lake,09/13/2011,0:00,5,5.07199955,21.54,3.4,38.6,506,7.81,,,,,,

PRJ07339-2,SP_3R,Spring Lake,09/13/2011,0:00,6,6.057999611,21.34,1.71,19.4,514,7.7,,,,,,

PRJ07339-2,SP_3R,Spring Lake,09/13/2011,0:00,7,7.024999619,18.71,1.17,12.6,635,7.3,,,,,,

PRJ07339-2,SP_3R,Spring Lake,09/13/2011,0:00,8,8.097999573,16.06,0.57,5.8,660,7.09,,,,,,

PRJ07339-2,SP_3R,Spring Lake,09/13/2011,0:00,9,9.023999214,15.12,0.33,3.3,679,6.96,,,,,,

PRJ07339-2,SP_3R,Spring Lake,09/13/2011,0:00,10,10.0199995,14.88,0.25,2.5,703,6.85,1.58,1.47,,,,

PRJ07339-2,SP_3R,Spring Lake,09/13/2011,0:00,10.15799999,10.15799999,14.83,0.19,1.9,715,6.76,,,,,,

PRJ07339-2,SP_3R,Spring Lake,09/27/2011,0:00,0,0.047999978,16.19,7.09,72.2,508,7.87,0.17,0.121,2.19,141,0.71,

PRJ07339-2,SP_3R,Spring Lake,09/27/2011,0:00,1,1.082999945,16.2,6.78,69,507,7.87,,,,,,

PRJ07339-2,SP_3R,Spring Lake,09/27/2011,0:00,2,2.055999994,16.19,6.66,67.9,508,7.87,,,,,,

PRJ07339-2,SP_3R,Spring Lake,09/27/2011,0:00,3,3.057999849,16.18,6.59,67.1,508,7.86,,,,,,

PRJ07339-2,SP_3R,Spring Lake,09/27/2011,0:00,4,4.074999809,16.12,6.28,63.9,508,7.81,0.175,0.0833,,,,

PRJ07339-2,SP_3R,Spring Lake,09/27/2011,0:00,5,5.063999653,16.09,5.86,59.6,508,7.79,,,,,,

PRJ07339-2,SP_3R,Spring Lake,09/27/2011,0:00,6,6.025999546,16.06,5.63,57.2,508,7.76,,,,,,

PRJ07339-2,SP_3R,Spring Lake,09/27/2011,0:00,7,7.080999851,16.04,5.26,53.4,509,7.72,,,,,,

PRJ07339-2,SP_3R,Spring Lake,09/27/2011,0:00,8,8.050999641,16.02,4.89,49.6,509,7.7,,,,,,

PRJ07339-2,SP_3R,Spring Lake,09/27/2011,0:00,9,9.074999809,15.97,4.47,45.3,510,7.65,0.16,0.14,,,,

PRJ07339-2,SP_3R,Spring Lake,09/27/2011,0:00,9.776999474,9.776999474,15.73,2.07,20.9,544,6.85,,,,,,

PRJ07339-2,SP_3R,Spring Lake,10/25/2011,0:00,0,0.064999998,11.42,9.4,86.2,511,7.82,0.216,0.167,2.43,18,2.38,

PRJ07339-2,SP_3R,Spring Lake,10/25/2011,0:00,1,1.012999892,11.41,8.12,74.4,511,7.77,,,,,,

PRJ07339-2,SP_3R,Spring Lake,10/25/2011,0:00,2,2.035999775,11.42,7.85,71.9,511,7.77,,,,,,

PRJ07339-2,SP_3R,Spring Lake,10/25/2011,0:00,3,3.028999805,11.41,7.79,71.4,511,7.76,,,,,,

PRJ07339-2,SP_3R,Spring Lake,10/25/2011,0:00,4,4.036999702,11.38,7.75,71,511,7.76,,,,,,

PRJ07339-2,SP_3R,Spring Lake,10/25/2011,0:00,5,5.000999928,11.36,7.73,70.8,511,7.75,0.209,0.167,,,,

PRJ07339-2,SP_3R,Spring Lake,10/25/2011,0:00,6,6.041999817,11.34,7.73,70.8,511,7.75,,,,,,

PRJ07339-2,SP_3R,Spring Lake,10/25/2011,0:00,7,7.041999817,11.31,7.75,70.9,511,7.76,,,,,,

PRJ07339-2,SP_3R,Spring Lake,10/25/2011,0:00,8,8.073999405,11.29,7.8,71.3,511,7.76,,,,,,

PRJ07339-2,SP_3R,Spring Lake,10/25/2011,0:00,9,9.047999382,11.27,7.8,71.3,511,7.75,,,,,,

PRJ07339-2,SP_3R,Spring Lake,10/25/2011,0:00,10,10.07199955,11.31,7.75,70.9,514,7.62,0.208,0.176,,,,

PRJ07339-2,SP_3R,Spring Lake,10/25/2011,0:00,10.21699905,10.21699905,11.39,5.56,51,538,7.24,,,,,,

